<?xml version="1.0" encoding="UTF-8"?>
<!DOCTYPE configuration
 PUBLIC "-//mybatis.org//DTD Config 3.0//EN"
 "http://mybatis.org/dtd/mybatis-3-config.dtd">
<configuration>
	<properties resource="com/hanul/mybatis/db.properties"/>
	<typeAliases>
		<typeAlias type="com.hanul.DTO.AnswerDTO" alias="AnswerDTO"/>
		<typeAlias type="com.hanul.DTO.StudentDTO" alias="StudentDTO"/>
		<typeAlias type="com.hanul.DTO.TimerDTO" alias="TimerDTO"/>
	</typeAliases>
	<environments default="development">
		<environment id="development">
			<transactionManager type="JDBC" />
			<dataSource type="POOLED">
				<property name="driver" value="${driver}" />
				<property name="url" value="${url}" />
				<property name="username" value="${username}" />
				<property name="password" value="${password}" />
			</dataSource>
		</environment>
	</environments>
	<mappers>
		<mapper resource="com/hanul/mybatis/Mapper.xml" />
	</mappers>
</configuration>